incident_id,date,line,shift,category,machine_age_years,part_cost_eur,crew_size,time_of_day_hours,historical_mtbf_days,downtime_min,eur_impact,orders_at_risk
H-0001,2025-01-14,L3,day,mechanical,7.8,420,2,9,21,95,6650,3
H-0002,2025-01-27,L1,night,electrical,4.2,180,1,23,45,140,8400,2
H-0003,2025-02-03,L2,day,software,2.1,0,1,11,60,35,1750,1
H-0004,2025-02-18,L3,night,mechanical,7.9,1250,3,2,21,240,16800,6
H-0005,2025-03-02,L1,day,material,4.3,0,2,14,45,25,1500,1
H-0006,2025-03-11,L2,day,electrical,2.2,310,2,8,60,70,3500,2
H-0007,2025-03-29,L3,day,mechanical,8.0,390,2,10,21,80,5600,2
H-0008,2025-04-07,L1,night,software,4.4,0,1,1,45,55,3300,1
H-0009,2025-04-22,L2,night,mechanical,2.3,620,2,22,60,110,5500,3
H-0010,2025-05-05,L3,day,electrical,8.1,880,3,13,21,190,13300,5
H-0011,2025-05-19,L1,day,other,4.5,60,1,15,45,20,1200,0
H-0012,2025-06-02,L3,night,mechanical,8.2,410,2,3,21,120,8400,3
H-0013,2025-06-16,L2,day,material,2.4,0,1,7,60,15,750,0
H-0014,2025-07-01,L1,day,mechanical,4.6,540,2,12,45,85,5100,2
H-0015,2025-07-21,L3,day,software,8.3,0,1,16,21,45,3150,1
H-0016,2025-08-04,L2,night,electrical,2.5,270,2,0,60,65,3250,2
H-0017,2025-08-25,L3,night,mechanical,8.4,1600,3,4,21,300,21000,7
H-0018,2025-09-08,L1,day,electrical,4.7,220,1,9,45,60,3600,1
H-0019,2025-09-29,L2,day,software,2.6,0,1,10,60,30,1500,1
H-0020,2025-10-13,L3,day,mechanical,8.5,470,2,11,21,100,7000,3
