incident_id,date,line,shift,category,machine_age_years,part_cost_eur,crew_size,time_of_day_hours,historical_mtbf_days,downtime_min,eur_impact,orders_at_risk
H-1078,2023-01-10,L2,day,electrical,2.8,352.0,3,8,54.0,41.0,2402.0,1
H-1138,2023-01-13,L1,day,other,4.7,252.0,2,21,46.0,33.0,2232.0,1
H-1085,2023-01-23,L2,day,mechanical,1.6,1308.0,1,20,60.0,75.0,5058.0,2
H-1164,2023-01-23,L3,night,other,8.8,38.0,1,4,23.0,122.0,8578.0,3
H-1015,2023-01-28,L2,day,mechanical,2.2,864.0,2,10,59.0,45.0,3114.0,1
H-1273,2023-02-06,L3,night,electrical,8.7,324.0,2,2,14.0,140.0,10124.0,4
H-1174,2023-02-09,L3,day,electrical,7.1,632.0,2,10,24.0,124.0,9312.0,3
H-1204,2023-02-16,L3,day,mechanical,7.5,256.0,1,8,23.0,135.0,9706.0,3
H-1215,2023-02-16,L1,night,material,4.2,0.0,3,4,42.0,29.0,1740.0,1
H-1127,2023-02-22,L2,night,electrical,3.5,145.0,1,3,60.0,76.0,3945.0,2
H-1151,2023-02-22,L1,night,electrical,3.7,354.0,1,3,43.0,106.0,6714.0,3
H-1261,2023-02-23,L3,night,mechanical,7.6,376.0,2,1,23.0,126.0,9196.0,3
H-1131,2023-02-27,L1,night,mechanical,4.1,1672.0,2,1,49.0,86.0,6832.0,2
H-1181,2023-02-27,L1,night,mechanical,4.2,659.0,2,2,46.0,91.0,6119.0,3
H-1155,2023-03-10,L2,day,other,3.1,110.0,2,21,59.0,21.0,1160.0,1
H-1185,2023-03-14,L1,day,mechanical,5.1,1396.0,1,12,45.0,89.0,6736.0,2
H-1290,2023-03-15,L2,night,software,2.9,0.0,1,0,65.0,62.0,3100.0,2
H-1014,2023-03-24,L2,night,mechanical,1.8,1450.0,2,0,62.0,58.0,4350.0,2
H-1276,2023-03-24,L2,day,electrical,2.7,1096.0,1,21,60.0,73.0,4746.0,2
H-1035,2023-03-26,L3,night,mechanical,8.7,87.0,2,3,16.0,138.0,9747.0,4
H-1066,2023-03-26,L3,night,electrical,8.5,245.0,2,3,23.0,142.0,10185.0,4
H-1272,2023-03-29,L3,day,software,7.7,0.0,3,13,23.0,78.0,5460.0,2
H-1170,2023-03-30,L3,day,mechanical,8.1,379.0,2,18,12.0,137.0,9969.0,4
H-1217,2023-03-31,L1,night,mechanical,4.6,634.0,2,0,45.0,85.0,5734.0,2
H-1258,2023-03-31,L1,day,mechanical,3.1,1160.0,2,11,39.0,84.0,6200.0,2
H-1123,2023-04-02,L1,night,material,4.3,0.0,2,0,44.0,58.0,3480.0,2
H-1019,2023-04-04,L2,night,mechanical,2.2,1135.0,2,5,55.0,56.0,3935.0,2
H-1144,2023-04-06,L2,day,mechanical,2.8,768.0,1,8,62.0,101.0,5818.0,3
H-1260,2023-04-14,L1,night,mechanical,4.5,844.0,1,5,45.0,109.0,7384.0,3
H-1279,2023-04-14,L3,night,electrical,8.4,265.0,2,3,21.0,135.0,9715.0,3
H-1095,2023-04-18,L1,night,electrical,4.5,413.0,2,5,45.0,84.0,5453.0,2
H-1053,2023-04-23,L2,day,material,1.9,0.0,2,6,63.0,18.0,900.0,1
H-1292,2023-04-24,L2,day,software,2.5,0.0,1,13,56.0,44.0,2200.0,1
H-1098,2023-04-27,L2,night,software,3.4,0.0,3,2,59.0,11.0,550.0,1
H-1254,2023-04-30,L1,day,mechanical,4.0,344.0,3,18,51.0,54.0,3584.0,2
H-1101,2023-05-02,L2,day,electrical,2.3,579.0,1,11,67.0,70.0,4079.0,2
H-1109,2023-05-02,L2,day,software,2.2,0.0,2,10,61.0,30.0,1500.0,1
H-1093,2023-05-06,L3,day,electrical,8.2,535.0,2,18,13.0,124.0,9215.0,3
H-1096,2023-05-13,L3,night,other,7.5,961.0,1,2,11.0,90.0,7261.0,2
H-1211,2023-05-16,L3,day,software,8.3,0.0,2,10,20.0,83.0,5810.0,2
H-1027,2023-05-18,L1,day,electrical,5.5,721.0,1,20,43.0,91.0,6181.0,3
H-1058,2023-05-24,L2,night,mechanical,2.6,181.0,2,5,62.0,56.0,2981.0,2
H-1080,2023-05-24,L1,day,other,3.8,620.0,2,9,46.0,32.0,2540.0,1
H-1209,2023-05-24,L2,day,other,1.7,64.0,3,14,56.0,10.0,564.0,1
H-1250,2023-05-24,L2,night,mechanical,1.9,406.0,1,2,60.0,122.0,6506.0,3
H-1187,2023-05-27,L1,day,electrical,4.0,1099.0,1,12,40.0,92.0,6619.0,3
H-1200,2023-05-28,L1,day,mechanical,4.4,109.0,2,7,41.0,95.0,5809.0,3
H-1232,2023-05-29,L1,day,mechanical,4.9,633.0,2,13,48.0,89.0,5973.0,2
H-1100,2023-06-03,L3,day,mechanical,9.0,195.0,1,10,19.0,147.0,10485.0,4
H-1264,2023-06-04,L3,day,mechanical,7.8,1006.0,1,11,21.0,136.0,10526.0,4
H-1008,2023-06-08,L2,night,material,2.2,0.0,2,1,59.0,18.0,900.0,1
H-1118,2023-06-16,L1,night,material,3.7,0.0,2,3,44.0,32.0,1920.0,1
H-1199,2023-06-17,L1,day,software,4.3,0.0,1,7,46.0,57.0,3420.0,2
H-1219,2023-06-21,L1,day,mechanical,4.9,171.0,2,13,49.0,89.0,5511.0,2
H-1287,2023-06-21,L1,day,electrical,4.2,546.0,2,18,47.0,46.0,3306.0,2
H-1047,2023-06-23,L1,night,material,5.1,0.0,1,4,41.0,58.0,3480.0,2
H-1154,2023-06-27,L2,night,mechanical,2.8,195.0,3,4,61.0,57.0,3045.0,2
H-1198,2023-06-27,L2,day,software,2.0,0.0,1,12,54.0,23.0,1150.0,1
H-1003,2023-06-28,L3,day,other,7.7,381.0,2,18,18.0,86.0,6401.0,2
H-1126,2023-07-01,L2,night,electrical,3.3,139.0,3,2,59.0,33.0,1789.0,1
H-1002,2023-07-03,L3,night,mechanical,8.1,613.0,2,4,23.0,146.0,10833.0,4
H-1159,2023-07-05,L3,day,mechanical,7.3,579.0,1,10,21.0,143.0,10589.0,4
H-1089,2023-07-07,L2,day,software,1.7,0.0,1,16,55.0,12.0,600.0,1
H-1172,2023-07-08,L1,night,software,5.2,0.0,2,0,44.0,79.0,4740.0,2
H-1045,2023-07-09,L3,night,software,9.0,0.0,1,2,26.0,130.0,9100.0,3
H-1094,2023-07-09,L1,night,mechanical,4.6,116.0,1,2,43.0,112.0,6836.0,3
H-1011,2023-07-10,L2,day,mechanical,2.2,573.0,2,17,58.0,40.0,2573.0,1
H-1091,2023-07-11,L1,night,other,4.0,1336.0,1,0,53.0,64.0,5176.0,2
H-1240,2023-07-11,L2,day,electrical,1.6,162.0,2,10,60.0,33.0,1812.0,1
H-1288,2023-07-13,L3,night,mechanical,8.8,464.0,2,1,20.0,160.0,11664.0,4
H-1056,2023-07-16,L2,day,software,2.5,0.0,1,16,61.0,50.0,2500.0,2
H-1299,2023-07-16,L1,day,material,3.9,0.0,1,18,47.0,56.0,3360.0,2
H-1104,2023-07-18,L1,night,material,4.5,0.0,2,4,46.0,32.0,1920.0,1
H-1169,2023-07-19,L1,night,software,4.5,0.0,2,5,45.0,71.0,4260.0,2
H-1220,2023-07-20,L3,day,electrical,7.6,451.0,2,10,24.0,98.0,7311.0,3
H-1208,2023-07-21,L1,day,mechanical,4.0,1179.0,2,7,40.0,68.0,5259.0,2
H-1050,2023-07-23,L2,night,software,2.6,0.0,2,5,52.0,26.0,1300.0,1
H-1001,2023-08-01,L2,night,other,3.1,547.0,2,2,64.0,32.0,2147.0,1
H-1275,2023-08-02,L3,night,material,8.2,0.0,3,2,26.0,62.0,4340.0,2
H-1021,2023-08-03,L3,day,other,8.1,447.0,1,8,13.0,98.0,7307.0,3
H-1007,2023-08-07,L1,day,electrical,4.4,185.0,3,6,46.0,59.0,3725.0,2
H-1059,2023-08-16,L1,day,electrical,3.1,203.0,1,10,44.0,76.0,4763.0,2
H-1099,2023-08-17,L1,day,material,4.7,0.0,2,8,49.0,44.0,2640.0,1
H-1026,2023-08-20,L2,night,electrical,1.3,124.0,2,3,67.0,92.0,4724.0,3
H-1282,2023-08-26,L2,night,mechanical,3.3,446.0,2,1,60.0,79.0,4396.0,2
H-1137,2023-08-28,L3,day,electrical,7.9,201.0,2,14,24.0,122.0,8741.0,3
H-1229,2023-08-28,L1,day,mechanical,4.8,1718.0,2,21,46.0,71.0,5978.0,2
H-1115,2023-08-29,L2,day,electrical,2.5,577.0,1,10,66.0,62.0,3677.0,2
H-1231,2023-08-29,L1,night,electrical,4.3,700.0,2,1,41.0,85.0,5800.0,2
H-1236,2023-09-01,L1,day,mechanical,4.6,421.0,1,17,42.0,91.0,5881.0,3
H-1195,2023-09-02,L3,day,other,8.4,285.0,1,16,25.0,106.0,7705.0,3
H-1244,2023-09-02,L3,day,mechanical,8.6,4.0,1,10,29.0,140.0,9804.0,4
H-1230,2023-09-03,L1,day,electrical,4.7,318.0,2,11,47.0,62.0,4038.0,2
H-1274,2023-09-10,L2,night,material,1.1,0.0,2,0,52.0,26.0,1300.0,1
H-1162,2023-09-11,L2,day,electrical,2.4,439.0,1,8,64.0,42.0,2539.0,1
H-1160,2023-09-12,L3,day,mechanical,7.4,248.0,1,12,19.0,127.0,9138.0,3
H-1173,2023-09-12,L1,night,material,4.3,0.0,1,3,45.0,62.0,3720.0,2
H-1168,2023-09-14,L3,night,mechanical,7.5,143.0,1,5,24.0,136.0,9663.0,4
H-1296,2023-09-20,L3,day,software,8.0,0.0,2,14,25.0,76.0,5320.0,2
H-1142,2023-09-21,L2,day,electrical,2.9,627.0,2,7,59.0,56.0,3427.0,2
H-1041,2023-10-01,L2,day,software,3.2,0.0,2,12,54.0,19.0,950.0,1
H-1069,2023-10-05,L2,night,mechanical,3.4,52.0,3,5,59.0,59.0,3002.0,2
H-1241,2023-10-05,L1,night,other,3.7,247.0,1,3,42.0,62.0,3967.0,2
H-1202,2023-10-06,L2,day,software,1.8,0.0,2,14,67.0,37.0,1850.0,1
H-1048,2023-10-07,L3,day,software,8.4,0.0,3,14,15.0,87.0,6090.0,2
H-1249,2023-10-10,L2,day,mechanical,2.7,420.0,1,17,62.0,52.0,3020.0,2
H-1225,2023-10-13,L3,day,material,8.3,0.0,2,18,18.0,55.0,3850.0,2
H-1084,2023-10-21,L1,night,mechanical,5.5,505.0,2,4,45.0,102.0,6625.0,3
H-1267,2023-10-23,L1,day,electrical,5.0,216.0,1,15,54.0,89.0,5556.0,2
H-1136,2023-10-24,L2,day,electrical,2.6,720.0,2,11,67.0,44.0,2920.0,1
H-1197,2023-10-24,L3,night,other,8.6,565.0,1,0,21.0,119.0,8895.0,3
H-1295,2023-10-31,L2,day,mechanical,1.9,914.0,1,16,58.0,71.0,4464.0,2
H-1271,2023-11-05,L3,day,mechanical,8.2,265.0,2,19,23.0,129.0,9295.0,3
H-1234,2023-11-10,L1,day,software,4.9,0.0,2,7,46.0,24.0,1440.0,1
H-1072,2023-11-13,L1,day,mechanical,4.0,321.0,2,20,45.0,65.0,4221.0,2
H-1065,2023-11-16,L3,day,other,9.3,79.0,2,16,19.0,82.0,5819.0,2
H-1243,2023-11-21,L3,day,other,8.3,727.0,1,18,20.0,78.0,6187.0,2
H-1233,2023-11-24,L1,night,mechanical,4.1,157.0,1,1,40.0,114.0,6997.0,3
H-1251,2023-11-28,L1,day,software,5.4,0.0,2,19,44.0,59.0,3540.0,2
H-1124,2023-12-06,L1,day,software,4.5,0.0,2,10,37.0,37.0,2220.0,1
H-1235,2023-12-06,L3,night,software,8.1,0.0,1,5,23.0,132.0,9240.0,3
H-1223,2023-12-15,L1,day,mechanical,4.5,434.0,1,20,41.0,102.0,6554.0,3
H-1077,2023-12-21,L2,day,electrical,2.3,855.0,1,16,56.0,73.0,4505.0,2
H-1283,2023-12-28,L3,day,material,8.9,0.0,1,21,24.0,91.0,6370.0,3
H-1213,2023-12-29,L2,day,mechanical,3.3,261.0,2,11,59.0,54.0,2961.0,2
H-1147,2024-01-01,L3,day,mechanical,7.9,306.0,2,17,14.0,135.0,9756.0,3
H-1108,2024-01-06,L2,night,mechanical,3.5,541.0,2,2,60.0,82.0,4641.0,2
H-1083,2024-01-16,L3,night,mechanical,8.5,704.0,1,3,22.0,140.0,10504.0,4
H-1228,2024-01-19,L1,day,material,4.8,0.0,2,6,45.0,30.0,1800.0,1
H-1247,2024-01-27,L1,night,mechanical,2.8,277.0,2,4,45.0,99.0,6217.0,3
H-1245,2024-01-29,L2,day,electrical,3.1,545.0,1,17,69.0,82.0,4645.0,2
H-1145,2024-01-31,L1,night,software,4.4,0.0,2,0,47.0,52.0,3120.0,2
H-1242,2024-02-05,L3,night,other,8.6,140.0,2,5,22.0,112.0,7980.0,3
H-1039,2024-02-07,L2,day,mechanical,2.6,378.0,3,14,57.0,32.0,1978.0,1
H-1203,2024-02-08,L1,day,mechanical,4.2,509.0,1,11,46.0,76.0,5069.0,2
H-1064,2024-02-09,L3,night,material,8.6,0.0,2,4,18.0,96.0,6720.0,3
H-1190,2024-02-09,L1,day,electrical,3.8,2140.0,1,11,44.0,77.0,6760.0,2
H-1176,2024-02-10,L3,night,mechanical,8.9,419.0,2,5,15.0,151.0,10989.0,4
H-1062,2024-02-16,L1,day,mechanical,4.4,480.0,3,17,45.0,64.0,4320.0,2
H-1161,2024-02-16,L1,night,electrical,3.8,259.0,2,1,50.0,84.0,5299.0,2
H-1227,2024-02-16,L3,day,mechanical,8.4,484.0,1,16,20.0,146.0,10704.0,4
H-1105,2024-02-25,L2,night,mechanical,2.2,428.0,1,2,60.0,93.0,5078.0,3
H-1263,2024-02-29,L1,night,other,4.3,250.0,2,5,37.0,33.0,2230.0,1
H-1268,2024-03-01,L3,night,mechanical,8.5,593.0,1,1,25.0,179.0,13123.0,4
H-1103,2024-03-05,L2,night,mechanical,2.6,580.0,2,2,55.0,66.0,3880.0,2
H-1049,2024-03-10,L2,day,other,2.3,1511.0,2,20,61.0,26.0,2811.0,1
H-1032,2024-03-14,L2,night,electrical,2.6,532.0,1,2,54.0,93.0,5182.0,3
H-1079,2024-03-15,L3,day,material,8.9,0.0,1,20,17.0,116.0,8120.0,3
H-1141,2024-03-17,L1,night,electrical,3.2,341.0,2,3,41.0,91.0,5801.0,3
H-1149,2024-03-18,L2,night,electrical,3.3,322.0,2,4,53.0,70.0,3822.0,2
H-1191,2024-03-26,L3,day,electrical,8.9,488.0,3,20,27.0,112.0,8328.0,3
H-1140,2024-03-30,L2,day,electrical,2.1,505.0,2,8,54.0,39.0,2455.0,1
H-1071,2024-03-31,L3,day,software,8.3,0.0,3,9,20.0,94.0,6580.0,3
H-1285,2024-04-05,L1,day,mechanical,5.3,255.0,1,11,41.0,100.0,6255.0,3
H-1224,2024-04-06,L1,night,mechanical,5.1,283.0,3,0,47.0,82.0,5203.0,2
H-1177,2024-04-07,L3,day,mechanical,7.3,920.0,2,16,18.0,115.0,8970.0,3
H-1266,2024-04-09,L2,day,material,2.3,0.0,2,11,63.0,24.0,1200.0,1
H-1052,2024-04-14,L3,day,electrical,8.2,1072.0,2,21,23.0,116.0,9192.0,3
H-1068,2024-04-16,L1,night,mechanical,4.2,247.0,1,5,43.0,105.0,6547.0,3
H-1119,2024-04-17,L2,night,software,2.0,0.0,3,0,66.0,24.0,1200.0,1
H-1210,2024-04-21,L2,day,software,1.3,0.0,2,17,56.0,28.0,1400.0,1
H-1128,2024-04-22,L3,day,material,8.3,0.0,1,8,16.0,105.0,7350.0,3
H-1186,2024-04-22,L2,night,software,2.3,0.0,2,2,54.0,32.0,1600.0,1
H-1212,2024-04-22,L1,day,mechanical,4.2,325.0,2,14,52.0,61.0,3985.0,2
H-1073,2024-04-29,L1,day,material,3.5,0.0,3,10,35.0,14.0,840.0,1
H-1061,2024-05-01,L3,night,electrical,7.5,191.0,2,5,22.0,128.0,9151.0,3
H-1031,2024-05-05,L3,night,software,8.0,0.0,1,4,22.0,141.0,9870.0,4
H-1153,2024-05-09,L1,night,electrical,4.5,556.0,2,0,46.0,73.0,4936.0,2
H-1201,2024-05-17,L3,day,material,8.1,0.0,3,11,22.0,68.0,4760.0,2
H-1087,2024-05-21,L2,night,mechanical,2.4,538.0,2,1,65.0,87.0,4888.0,2
H-1239,2024-05-23,L2,night,software,1.7,0.0,1,0,62.0,78.0,3900.0,2
H-1051,2024-06-01,L1,day,electrical,5.2,299.0,2,11,46.0,81.0,5159.0,2
H-1081,2024-06-04,L1,day,mechanical,3.2,166.0,1,7,45.0,100.0,6166.0,3
H-1193,2024-06-04,L1,night,electrical,3.4,371.0,1,1,43.0,95.0,6071.0,3
H-1029,2024-06-06,L3,day,material,8.1,0.0,1,16,23.0,84.0,5880.0,2
H-1280,2024-06-09,L1,night,electrical,4.4,77.0,1,4,43.0,97.0,5897.0,3
H-1184,2024-06-12,L2,night,mechanical,2.1,381.0,1,5,61.0,83.0,4531.0,2
H-1092,2024-06-14,L3,day,material,8.4,0.0,2,15,18.0,89.0,6230.0,2
H-1134,2024-06-18,L2,night,electrical,2.5,425.0,2,4,62.0,83.0,4575.0,2
H-1013,2024-06-20,L1,day,electrical,4.7,242.0,1,8,43.0,72.0,4562.0,2
H-1036,2024-06-23,L2,night,material,1.8,0.0,1,4,57.0,42.0,2100.0,1
H-1028,2024-06-24,L1,day,mechanical,4.6,836.0,1,12,46.0,98.0,6716.0,3
H-1086,2024-06-27,L3,night,electrical,8.1,604.0,1,2,14.0,147.0,10894.0,4
H-1252,2024-06-28,L3,day,mechanical,9.1,651.0,2,15,22.0,117.0,8841.0,3
H-1106,2024-07-01,L3,night,mechanical,8.9,577.0,2,3,15.0,148.0,10937.0,4
H-1150,2024-07-12,L1,night,mechanical,4.0,265.0,3,5,38.0,95.0,5965.0,3
H-1222,2024-07-13,L1,day,mechanical,4.3,406.0,1,13,44.0,92.0,5926.0,3
H-1206,2024-07-14,L3,day,other,8.5,843.0,2,6,15.0,70.0,5743.0,2
H-1143,2024-07-18,L2,day,software,2.1,0.0,2,18,61.0,33.0,1650.0,1
H-1152,2024-07-18,L3,night,electrical,8.5,88.0,2,5,26.0,123.0,8698.0,3
H-1132,2024-07-19,L3,day,other,7.4,138.0,1,13,21.0,110.0,7838.0,3
H-1265,2024-07-20,L1,night,other,4.0,489.0,2,3,44.0,68.0,4569.0,2
H-1135,2024-07-31,L3,day,electrical,7.9,297.0,2,18,20.0,96.0,7017.0,3
H-1183,2024-08-03,L1,day,mechanical,3.8,27.0,2,7,53.0,69.0,4167.0,2
H-1129,2024-08-12,L2,day,mechanical,1.6,647.0,3,18,66.0,48.0,3047.0,2
H-1012,2024-08-15,L3,day,software,8.2,0.0,2,7,17.0,93.0,6510.0,3
H-1269,2024-08-20,L2,day,software,2.0,0.0,1,13,63.0,40.0,2000.0,1
H-1257,2024-08-22,L2,day,mechanical,2.0,820.0,2,11,57.0,46.0,3120.0,2
H-1005,2024-08-29,L2,day,mechanical,2.4,101.0,2,18,58.0,51.0,2651.0,2
H-1248,2024-08-29,L1,day,material,5.3,0.0,3,7,46.0,12.0,720.0,1
H-1038,2024-09-04,L1,night,mechanical,5.0,865.0,2,1,46.0,100.0,6865.0,3
H-1120,2024-09-05,L3,day,mechanical,8.6,153.0,1,11,16.0,137.0,9743.0,4
H-1111,2024-09-07,L2,day,mechanical,2.2,527.0,1,10,62.0,50.0,3027.0,2
H-1130,2024-09-11,L3,day,mechanical,9.4,1103.0,1,10,16.0,146.0,11323.0,4
H-1294,2024-09-11,L3,day,material,8.2,0.0,2,14,20.0,106.0,7420.0,3
H-1167,2024-09-13,L1,night,mechanical,4.3,223.0,2,0,48.0,91.0,5683.0,3
H-1253,2024-09-13,L1,day,electrical,5.2,170.0,3,14,47.0,86.0,5330.0,2
H-1298,2024-09-15,L3,day,mechanical,8.7,343.0,2,18,19.0,161.0,11613.0,4
H-1188,2024-09-20,L3,night,mechanical,7.9,247.0,1,2,19.0,171.0,12217.0,4
H-1171,2024-09-21,L1,day,electrical,3.7,551.0,2,17,46.0,67.0,4571.0,2
H-1189,2024-09-24,L2,night,software,1.8,0.0,1,1,57.0,45.0,2250.0,1
H-1009,2024-09-26,L3,day,electrical,8.2,670.0,1,13,19.0,133.0,9980.0,3
H-1270,2024-09-27,L2,night,software,2.7,0.0,2,1,67.0,38.0,1900.0,1
H-1010,2024-09-29,L2,day,mechanical,1.8,306.0,3,13,59.0,46.0,2606.0,2
H-1148,2024-10-07,L1,night,mechanical,5.3,561.0,3,0,45.0,85.0,5661.0,2
H-1046,2024-10-08,L3,night,mechanical,7.7,1255.0,1,0,23.0,144.0,11335.0,4
H-1067,2024-10-11,L1,day,mechanical,3.9,578.0,2,18,40.0,84.0,5618.0,2
H-1277,2024-10-14,L2,day,electrical,3.2,389.0,1,17,62.0,83.0,4539.0,2
H-1259,2024-10-20,L2,day,electrical,2.8,332.0,3,6,58.0,34.0,2032.0,1
H-1246,2024-10-21,L1,day,mechanical,5.2,794.0,1,6,42.0,95.0,6494.0,3
H-1090,2024-10-28,L3,day,material,8.1,0.0,2,16,23.0,94.0,6580.0,3
H-1034,2024-10-31,L2,day,material,2.4,0.0,1,8,55.0,36.0,1800.0,1
H-1022,2024-11-04,L2,day,electrical,2.2,427.0,2,7,62.0,41.0,2477.0,1
H-1054,2024-11-07,L1,day,mechanical,4.3,317.0,1,7,39.0,112.0,7037.0,3
H-1158,2024-11-09,L3,night,electrical,7.4,453.0,1,3,21.0,117.0,8643.0,3
H-1182,2024-11-10,L3,night,mechanical,8.1,477.0,3,1,23.0,117.0,8667.0,3
H-1281,2024-11-10,L2,day,electrical,3.0,232.0,2,17,66.0,55.0,2982.0,2
H-1107,2024-11-13,L2,day,material,1.6,0.0,3,17,62.0,10.0,500.0,1
H-1238,2024-11-15,L3,day,electrical,7.7,386.0,1,17,15.0,132.0,9626.0,3
H-1063,2024-11-24,L3,night,software,9.0,0.0,2,5,22.0,82.0,5740.0,2
H-1006,2024-11-27,L1,night,mechanical,5.1,471.0,2,0,48.0,107.0,6891.0,3
H-1016,2024-11-30,L1,day,software,4.7,0.0,2,21,49.0,39.0,2340.0,1
H-1180,2024-12-02,L3,night,electrical,8.3,83.0,1,1,22.0,141.0,9953.0,4
H-1226,2024-12-02,L3,day,software,7.8,0.0,1,16,19.0,124.0,8680.0,3
H-1122,2024-12-06,L2,day,mechanical,2.4,360.0,2,19,67.0,57.0,3210.0,2
H-1043,2024-12-08,L1,day,material,4.1,0.0,1,19,48.0,40.0,2400.0,1
H-1110,2024-12-09,L2,day,software,1.7,0.0,1,8,53.0,25.0,1250.0,1
H-1214,2024-12-13,L1,day,electrical,4.0,619.0,1,7,49.0,85.0,5719.0,2
H-1286,2024-12-15,L3,day,mechanical,8.0,456.0,2,19,20.0,125.0,9206.0,3
H-1139,2024-12-16,L3,day,material,8.7,0.0,1,15,16.0,97.0,6790.0,3
H-1178,2024-12-24,L1,night,software,4.4,0.0,1,2,38.0,85.0,5100.0,2
H-1088,2024-12-25,L3,day,other,8.3,504.0,1,6,18.0,104.0,7784.0,3
H-1037,2024-12-28,L2,day,electrical,2.6,1186.0,2,20,58.0,57.0,4036.0,2
H-1044,2024-12-30,L2,day,mechanical,2.9,98.0,2,21,57.0,70.0,3598.0,2
H-1024,2025-01-01,L1,night,electrical,5.6,100.0,3,4,46.0,87.0,5320.0,2
H-1004,2025-01-02,L2,night,material,2.7,0.0,2,2,60.0,28.0,1400.0,1
H-1017,2025-01-05,L1,day,mechanical,5.8,188.0,2,13,47.0,85.0,5288.0,2
H-1156,2025-01-17,L3,night,electrical,7.8,384.0,1,4,27.0,145.0,10534.0,4
H-1125,2025-01-18,L3,day,mechanical,8.0,479.0,1,6,22.0,136.0,9999.0,4
H-1255,2025-01-23,L3,night,mechanical,8.2,727.0,2,0,19.0,149.0,11157.0,4
H-1196,2025-01-27,L2,night,material,3.1,0.0,2,4,63.0,38.0,1900.0,1
H-1116,2025-02-02,L3,day,mechanical,7.6,392.0,2,8,17.0,120.0,8792.0,3
H-1114,2025-02-05,L2,day,mechanical,2.1,574.0,3,11,59.0,40.0,2574.0,1
H-1216,2025-02-05,L1,night,mechanical,4.4,653.0,2,0,52.0,101.0,6713.0,3
H-1060,2025-02-07,L3,day,mechanical,8.6,623.0,1,20,29.0,146.0,10843.0,4
H-1165,2025-02-10,L2,day,material,1.8,0.0,2,7,56.0,23.0,1150.0,1
H-1097,2025-02-13,L2,day,electrical,2.4,234.0,1,7,62.0,48.0,2634.0,2
H-1218,2025-02-16,L1,night,electrical,3.6,487.0,1,2,50.0,91.0,5947.0,3
H-1025,2025-02-27,L3,day,material,8.1,0.0,2,20,30.0,69.0,4830.0,2
H-1163,2025-02-27,L1,night,software,5.3,0.0,2,0,40.0,31.0,1860.0,1
H-1175,2025-02-27,L3,night,material,9.2,0.0,1,5,16.0,105.0,7350.0,3
H-1289,2025-03-01,L3,day,material,8.2,0.0,2,20,25.0,82.0,5740.0,2
H-1074,2025-03-05,L2,day,mechanical,2.9,554.0,1,11,62.0,77.0,4404.0,2
H-1020,2025-03-06,L1,day,material,4.3,0.0,2,17,51.0,17.0,1020.0,1
H-1042,2025-03-10,L1,night,other,3.7,282.0,3,0,48.0,28.0,1962.0,1
H-1291,2025-03-17,L2,night,material,2.6,0.0,2,1,63.0,24.0,1200.0,1
H-1121,2025-03-22,L2,night,mechanical,2.2,450.0,2,1,65.0,68.0,3850.0,2
H-1284,2025-03-22,L2,night,electrical,1.8,1202.0,2,3,61.0,89.0,5652.0,2
H-1075,2025-03-31,L2,night,electrical,2.1,291.0,2,4,63.0,80.0,4291.0,2
H-1146,2025-03-31,L3,day,other,7.8,340.0,1,14,16.0,101.0,7410.0,3
H-1194,2025-04-03,L1,day,software,4.6,0.0,1,9,45.0,63.0,3780.0,2
H-1237,2025-04-06,L3,day,mechanical,8.8,574.0,2,7,19.0,139.0,10304.0,4
H-1033,2025-04-12,L1,night,mechanical,4.3,1263.0,3,4,47.0,96.0,7023.0,3
H-1102,2025-04-13,L2,day,mechanical,3.0,773.0,1,8,65.0,83.0,4923.0,2
H-1082,2025-04-14,L2,night,mechanical,1.9,167.0,1,1,67.0,102.0,5267.0,3
H-1023,2025-04-20,L1,night,electrical,5.3,349.0,1,5,46.0,94.0,5989.0,3
H-1030,2025-04-20,L2,day,electrical,3.1,69.0,1,12,62.0,57.0,2919.0,2
H-1205,2025-04-20,L3,day,other,8.6,143.0,1,10,22.0,96.0,6863.0,3
H-1117,2025-04-27,L3,day,mechanical,9.0,1073.0,2,20,20.0,136.0,10593.0,4
H-1293,2025-04-29,L2,night,mechanical,2.0,364.0,2,3,55.0,57.0,3214.0,2
H-1113,2025-04-30,L1,night,electrical,5.1,676.0,2,1,49.0,96.0,6436.0,3
H-1221,2025-05-01,L1,night,mechanical,4.5,63.0,2,5,41.0,77.0,4683.0,2
H-1166,2025-05-02,L3,day,mechanical,8.1,66.0,2,16,23.0,130.0,9166.0,3
H-1133,2025-05-11,L2,day,other,2.7,625.0,1,13,58.0,20.0,1625.0,1
H-1262,2025-05-13,L1,day,material,4.3,0.0,2,18,48.0,21.0,1260.0,1
H-1040,2025-05-14,L3,day,electrical,9.0,622.0,2,19,20.0,97.0,7412.0,3
H-1076,2025-05-21,L2,day,other,2.3,203.0,1,21,51.0,19.0,1153.0,1
H-1157,2025-05-22,L3,day,software,8.4,0.0,2,20,18.0,98.0,6860.0,3
H-1192,2025-05-23,L2,night,electrical,2.8,85.0,2,5,64.0,46.0,2385.0,2
H-1207,2025-05-30,L3,day,material,8.2,0.0,1,20,17.0,105.0,7350.0,3
H-1000,2025-06-05,L3,night,electrical,8.8,459.0,1,3,21.0,143.0,10469.0,4
H-1112,2025-06-05,L3,day,software,8.2,0.0,1,17,22.0,103.0,7210.0,3
H-1297,2025-06-09,L3,night,mechanical,8.7,267.0,3,5,19.0,118.0,8527.0,3
H-1179,2025-06-14,L3,day,other,8.1,230.0,2,7,21.0,84.0,6110.0,2
H-1057,2025-06-18,L1,night,material,3.9,0.0,2,4,44.0,57.0,3420.0,2
H-1018,2025-06-20,L1,day,other,4.2,475.0,2,21,46.0,31.0,2335.0,1
H-1278,2025-06-20,L3,night,software,8.6,0.0,2,0,23.0,117.0,8190.0,3
H-1055,2025-06-22,L1,day,software,2.7,0.0,3,7,47.0,10.0,600.0,1
H-1256,2025-06-24,L3,night,electrical,8.9,689.0,2,2,22.0,125.0,9439.0,3
H-1070,2025-06-25,L1,day,mechanical,3.6,475.0,2,14,44.0,81.0,5335.0,2
H-0001,2025-01-14,L3,day,mechanical,7.8,420,2,9,21,95,6650,3
H-0002,2025-01-27,L1,night,electrical,4.2,180,1,23,45,140,8400,2
H-0003,2025-02-03,L2,day,software,2.1,0,1,11,60,35,1750,1
H-0004,2025-02-18,L3,night,mechanical,7.9,1250,3,2,21,240,16800,6
H-0005,2025-03-02,L1,day,material,4.3,0,2,14,45,25,1500,1
H-0006,2025-03-11,L2,day,electrical,2.2,310,2,8,60,70,3500,2
H-0007,2025-03-29,L3,day,mechanical,8.0,390,2,10,21,80,5600,2
H-0008,2025-04-07,L1,night,software,4.4,0,1,1,45,55,3300,1
H-0009,2025-04-22,L2,night,mechanical,2.3,620,2,22,60,110,5500,3
H-0010,2025-05-05,L3,day,electrical,8.1,880,3,13,21,190,13300,5
H-0011,2025-05-19,L1,day,other,4.5,60,1,15,45,20,1200,0
H-0012,2025-06-02,L3,night,mechanical,8.2,410,2,3,21,120,8400,3
H-0013,2025-06-16,L2,day,material,2.4,0,1,7,60,15,750,0
H-0014,2025-07-01,L1,day,mechanical,4.6,540,2,12,45,85,5100,2
H-0015,2025-07-21,L3,day,software,8.3,0,1,16,21,45,3150,1
H-0016,2025-08-04,L2,night,electrical,2.5,270,2,0,60,65,3250,2
H-0017,2025-08-25,L3,night,mechanical,8.4,1600,3,4,21,300,21000,7
H-0018,2025-09-08,L1,day,electrical,4.7,220,1,9,45,60,3600,1
H-0019,2025-09-29,L2,day,software,2.6,0,1,10,60,30,1500,1
H-0020,2025-10-13,L3,day,mechanical,8.5,470,2,11,21,100,7000,3
